{
  "north": 25.79989118208832,
  "west": 118.828125,
  "south": 21.289374355860417,
  "east": 122.34375
}